{"cameraMode":{"drawMode":0,"name":"Shaded","section":"Shading Mode"},"sceneLighting":false,"audioPlay":false,"sceneViewState":{"showFog":true,"showMaterialUpdate":true,"showSkybox":false,"showFlares":true,"showImageEffects":true,"showParticleSystems":true},"in2DMode":false,"pivot":{"x":0.03519999980926514,"y":0.016699999570846559,"z":-0.029999997466802598},"rotation":{"x":0.2560485899448395,"y":-0.7186534404754639,"z":0.3316422700881958,"w":0.5550298094749451},"size":0.013695776462554932,"orthographic":false}