{"cameraMode":{"drawMode":0,"name":"Shaded","section":"Shading Mode"},"sceneLighting":false,"audioPlay":false,"sceneViewState":{"showFog":true,"showMaterialUpdate":true,"showSkybox":false,"showFlares":true,"showImageEffects":true,"showParticleSystems":true},"in2DMode":false,"pivot":{"x":0.03519999980926514,"y":0.016699999570846559,"z":-0.029999997466802598},"rotation":{"x":0.004417832475155592,"y":-0.9838060140609741,"z":0.17781391739845277,"w":0.024201417341828347},"size":0.01369578018784523,"orthographic":false}