{"cameraMode":{"drawMode":0,"name":"Shaded","section":"Shading Mode"},"sceneLighting":false,"audioPlay":false,"sceneViewState":{"showFog":true,"showMaterialUpdate":true,"showSkybox":false,"showFlares":true,"showImageEffects":true,"showParticleSystems":true},"in2DMode":false,"pivot":{"x":-0.3744356632232666,"y":-0.6444031596183777,"z":0.2561575174331665},"rotation":{"x":-0.30100297927856448,"y":0.37024417519569399,"z":-0.12825091183185578,"w":-0.8694549798965454},"size":0.4923633337020874,"orthographic":false}