{"cameraMode":{"drawMode":0,"name":"Shaded","section":"Shading Mode"},"sceneLighting":false,"audioPlay":false,"sceneViewState":{"showFog":true,"showMaterialUpdate":true,"showSkybox":false,"showFlares":true,"showImageEffects":true,"showParticleSystems":true},"in2DMode":false,"pivot":{"x":0.06199999898672104,"y":0.010289998725056649,"z":0.0019539864733815195},"rotation":{"x":0.3389800786972046,"y":-0.1271980106830597,"z":-0.04665715619921684,"w":-0.9311084747314453},"size":0.004623965825885534,"orthographic":false}