{"cameraMode":{"drawMode":0,"name":"Shaded","section":"Shading Mode"},"sceneLighting":false,"audioPlay":false,"sceneViewState":{"showFog":true,"showMaterialUpdate":true,"showSkybox":false,"showFlares":true,"showImageEffects":true,"showParticleSystems":true},"in2DMode":false,"pivot":{"x":-0.05400000140070915,"y":0.034049056470394137,"z":-0.013000001199543476},"rotation":{"x":-0.5762388706207275,"y":0.17691169679164887,"z":-0.1296204924583435,"w":-0.7873694896697998},"size":0.010106537491083146,"orthographic":false}