{"cameraMode":{"drawMode":0,"name":"Shaded","section":"Shading Mode"},"sceneLighting":true,"audioPlay":false,"sceneViewState":{"showFog":true,"showMaterialUpdate":true,"showSkybox":true,"showFlares":true,"showImageEffects":true,"showParticleSystems":true},"in2DMode":false,"pivot":{"x":0.10105498135089874,"y":0.01753767393529415,"z":0.2024892121553421},"rotation":{"x":-0.05997276306152344,"y":0.9367251396179199,"z":-0.201519176363945,"w":-0.28029146790504458},"size":0.059884894639253619,"orthographic":false}