{"cameraMode":{"drawMode":0,"name":"Shaded","section":"Shading Mode"},"sceneLighting":false,"audioPlay":false,"sceneViewState":{"showFog":true,"showMaterialUpdate":true,"showSkybox":false,"showFlares":true,"showImageEffects":true,"showParticleSystems":true},"in2DMode":false,"pivot":{"x":0.029995711520314218,"y":0.0352804958820343,"z":-0.056797225028276446},"rotation":{"x":-0.0024581332691013815,"y":-0.9921756982803345,"z":0.0196559876203537,"w":-0.12355730682611466},"size":0.03942060098052025,"orthographic":false}