{"cameraMode":{"drawMode":0,"name":"Shaded","section":"Shading Mode"},"sceneLighting":false,"audioPlay":false,"sceneViewState":{"showFog":true,"showMaterialUpdate":true,"showSkybox":false,"showFlares":true,"showImageEffects":true,"showParticleSystems":true},"in2DMode":false,"pivot":{"x":0.1124219000339508,"y":1.0703251361846924,"z":0.02079099416732788},"rotation":{"x":-0.051754407584667209,"y":0.9483166337013245,"z":-0.2218528687953949,"w":-0.2212231308221817},"size":1.3812886476516724,"orthographic":false}