{"cameraMode":{"drawMode":0,"name":"Shaded","section":"Shading Mode"},"sceneLighting":false,"audioPlay":false,"sceneViewState":{"showFog":true,"showMaterialUpdate":true,"showSkybox":false,"showFlares":true,"showImageEffects":true,"showParticleSystems":true},"in2DMode":false,"pivot":{"x":0.0470634326338768,"y":0.019419953227043153,"z":-0.03149159997701645},"rotation":{"x":0.01197824627161026,"y":-0.9827767014503479,"z":0.17154426872730256,"w":0.06850604712963104},"size":0.01369578018784523,"orthographic":false}